keyword,profession
footballer,soccer player
football player,football player
football ,football player
actress,actor
actor,actor
politician,politician
prime minister,leader
president,leader
baseball,baseball player
singer,musician
wrestler,wrestler
figure skater,figure skater
cricketer,cricketer
ski racer,skier
skier,skier
basketball,basketball player
runner,runner
boxer,fighter
chess,chess player
model,model
royal family,leader
ice hockey,ice hockey player
soccer,soccer player
writer,author
author,author
film director,filmmaker
rapper,musician
entrepreneur,entrepreneur
cyclist,cyclist
bicycle racer,cyclist
swimmer,swimmer
professor,scholar
magician,magician
track and field,track and field star
tennis,tennis player
mixed martial artist,fighter
comedian,comedian
filmmaker,filmmaker
songwriter,musician
musician,musician
supermodel,model
television personality,actor
activist,activist
kickboxer,kickboxer
composer,musician
racing driver,racing driver
speed skating,speed skater
paleontologist,paleontologist
criminal,criminal
skateboarder,skateboarder
journalist,journalist
goalkeeper,soccer player
badminton,badminton player
pianist,musician
gymnast,gymnast
video game player,video game player
dancer,dancer
movie director,filmmaker
screenwriter,author
astronomer,astronomer
physicist,physicist
engineer,engineer
mathematician,mathematician
chemist,chemist
naturalist,naturalist
geologist,geologist
biologist,biologist
philosopher,philosopher
polymath,polymath
inventor,inventor
electrical engineer,electrical engineer
mechanical engineer,mechanical engineer
cosmologist,cosmologist
meteorologist,meteorologist
geneticist,geneticist
zoologist,zoologist
computer scientist,computer scientist
botanist,botanist
psychiatrist,psychiatrist
psychologist,psychologist
physician,physician
geographer,geographer
immunologist,immunologist
composer,musician
media personality,actor
academic,scholar
scholar,scholar
king,leader
queen,leader
emperor,leader
painter,artist
ruler,leader
poet,author
clergyman,religious figure
theologian,religious figure
biship,religious figure
bishop,religious figure
priest,religious figure
minister,religious figure
social media personality,influencer
live artist,artist
statesman,leader
playwright,author
sculptor,artist
governor,leader
prince,leader
illustrator,artist
volleyball player,volleyball player
personality,influencer
recording artist,musician
sprinter,runner
visual artist,artist
comic book artist,artist
hip hop artist,musician
investor,investor
pair skater,skater
curler,curler
motorcycle racer,motorcycle racer
cardiologist,cardiologist
political figure,politician
rugby,rugby player
economist,economist
sociologist,sociologist
graphic artist,artist
photographer,photographer
mobster,criminal
murderer,criminal
killer,criminal
youtuber,youtuber
YouTube,youtuber
missionary,religious figure
golfer,golfer
snooker,snooker player
snowboarder,snowboarder
darts,darts player
fencer,fencer
racquetball,racquetball player
triathlete,runner
sailor,sailor
lawyer,lawyer
attorney,lawyer
political,politician
lawman,leader
abolitionist,leader
leader,leader
officer,leader
neurologist,neurologist
neuroscientist,neurologist
murder,criminal
founding father,leader
general,leader
explorer,explorer
law enforcement,leader
philanthropist,philanthropist
modernist artist,artist
public speaker,leader
outlaw,criminal
gunfighter,criminal
socialite,influencer
head of the,leader
industrialist,entrepreneur
founder,leader
business,entrepreneur
architect,architect
soldier,soldier
showman,influencer
nurse,nurse
founded,leader
fashion designer,fashion designer
banker,banker
psychotherapist,psychotherapist
novelist,author
computer programmer,computer scientist
Jiu-Jitsu,fighter
Marine,soldier
field hockey,field hockey
abstract artist,artist
horse racing,horse racer
sex offender,criminal
ophthalmologist,ophthalmologist
motorcycle road racer,motorcycle road racer
computer intelligence consultant,computer scientist
Catholic church,religious figure
radio show host,broadcaster
radio host,broadcaster
human rights,leader
biathlete,biathlete
fraudster,criminal
drug lord,criminal
terrorist,criminal
diplomat,politician
infectious diseases,infectious diseases scientist
justice of the Supreme Court,judge
historian,historian
judge,judge
conservationist,conservationist
police detective,police officer
painting,artist
lecturer,lecturer
pilot,pilot
cosmonaut,astronaut
astronaut,astronaut
video game designer,video game developer
video game developer,video game developer
ceo,ceo
race car driver,race car driver
television host,television host
wrestling,wrestler
BMX rider,BMX rider
opera,musician
phonetician,phonetician
convicted felon,criminal
diarist,diarist
live streamer,youtuber
R&B,musician
biochemist,biochemist
violinist,musician
crime boss,criminal
American artist,artist
surrealist artist,artist
broadcaster,personality
primatologist,primatologist
anthropologist,anthropologist
illusionist,magician
performance art,artist
microbiologist,microbiologist
vocalist,musician
pop artist,artist
sportscaster,broadcaster
record producer,musician
sculpture,artist
photography,artist
virologist,virologist
sultan,leader
legislator,politician
cartoonist,artist
cellist,musician
medical doctor,doctor
bacteriologist,bacteriologist
conductor,musician
music executive,musician
first lady,leader
teacher,scholar
guitarist,musician
researcher,scholar
archaeologist,archaeologist
televangelist,personality
chef,chef
comics artist,artist
anarchist,criminal
ultrarunning,runner
drummer,musician
aristocrat,leader
manga artist,artist
theatre producer,director
theatrical producer,director
baron,entrepreneur
fugitive,criminal
mafia boss,criminal
evangelist,religious figure
game show host,broadcaster
game designer,game designer
music producer,musician
astrophysicist,astrophysicist
linguist,linguist
trail running,runner
commanders,leader
designer,designer
choreographer,choreographer
entertainer,personality
House of Representatives,politician
cartographer,cartographer
arrested,criminal
car driver,race car driver
neurobiology,neurobiology
government official,leader
softball player,softball player
film critic,author
weightlifter,weightlifter
rock climber,rock climber
adventurer,adventurer
film maker,director
mayor,leader
programmer,computer programmer
speed skater,speed skater
convicted,criminal
india,india
